id,english_name,sanskrit_name,category,difficulty_level,target_muscles,benefits,contraindications,duration_seconds,image_asset_path,youtube_video_id,youtube_url
pose_001,Downward-Facing Dog,Adho Mukha Svanasana,Inversion,Beginner,"Hamstrings, Calves","Improves flexibility, strengthens hamstrings, calves, and enhances body stability.",Wrist injury,30,assets/images/poses/pose_001.png,yt_id_001,https://www.youtube.com/results?search_query=Yoga+Downward-Facing+Dog+Tutorial
pose_002,Upward-Facing Dog,Urdhva Mukha Svanasana,Backbend,Intermediate,"Chest, Wrists","Improves flexibility, strengthens chest, wrists, and enhances body stability.",Back injury,45,assets/images/poses/pose_002.png,yt_id_002,https://www.youtube.com/results?search_query=Yoga+Upward-Facing+Dog+Tutorial
pose_003,Cobra Pose,Bhujangasana,Backbend,Beginner,"Spine, Chest","Improves flexibility, strengthens spine, chest, and enhances body stability.",Pregnancy,30,assets/images/poses/pose_003.png,yt_id_003,https://www.youtube.com/results?search_query=Yoga+Cobra+Pose+Tutorial
pose_004,Warrior I,Virabhadrasana I,Standing,Beginner,"Quads, Glutes","Improves flexibility, strengthens quads, glutes, and enhances body stability.",High blood pressure,30,assets/images/poses/pose_004.png,yt_id_004,https://www.youtube.com/results?search_query=Yoga+Warrior+I+Tutorial
pose_005,Warrior II,Virabhadrasana II,Standing,Beginner,"Hips, Thighs","Improves flexibility, strengthens hips, thighs, and enhances body stability.",Neck pain,30,assets/images/poses/pose_005.png,yt_id_005,https://www.youtube.com/results?search_query=Yoga+Warrior+II+Tutorial
pose_006,Warrior III,Virabhadrasana III,Balancing,Intermediate,"Core, Hamstrings","Improves flexibility, strengthens core, hamstrings, and enhances body stability.",Balance issues,45,assets/images/poses/pose_006.png,yt_id_006,https://www.youtube.com/results?search_query=Yoga+Warrior+III+Tutorial
pose_007,Tree Pose,Vrksasana,Balancing,Beginner,"Ankles, Calves","Improves flexibility, strengthens ankles, calves, and enhances body stability.",Dizziness,30,assets/images/poses/pose_007.png,yt_id_007,https://www.youtube.com/results?search_query=Yoga+Tree+Pose+Tutorial
pose_008,Triangle Pose,Trikonasana,Standing,Beginner,"Groin, Hamstrings","Improves flexibility, strengthens groin, hamstrings, and enhances body stability.",Low blood pressure,30,assets/images/poses/pose_008.png,yt_id_008,https://www.youtube.com/results?search_query=Yoga+Triangle+Pose+Tutorial
pose_009,Extended Side Angle,Utthita Parsvakonasana,Standing,Intermediate,"Waist, Hips","Improves flexibility, strengthens waist, hips, and enhances body stability.",Headache,45,assets/images/poses/pose_009.png,yt_id_009,https://www.youtube.com/results?search_query=Yoga+Extended+Side+Angle+Tutorial
pose_010,Chair Pose,Utkatasana,Standing,Beginner,"Quads, Shoulders","Improves flexibility, strengthens quads, shoulders, and enhances body stability.",Insomnia,30,assets/images/poses/pose_010.png,yt_id_010,https://www.youtube.com/results?search_query=Yoga+Chair+Pose+Tutorial
pose_011,Child's Pose,Balasana,Restorative,Beginner,"Lower Back, Hips","Improves flexibility, strengthens lower back, hips, and enhances body stability.",Knee injury,30,assets/images/poses/pose_011.png,yt_id_011,https://www.youtube.com/results?search_query=Yoga+Child's+Pose+Tutorial
pose_012,Bridge Pose,Setu Bandha Sarvangasana,Backbend,Beginner,"Glutes, Spine","Improves flexibility, strengthens glutes, spine, and enhances body stability.",Neck injury,30,assets/images/poses/pose_012.png,yt_id_012,https://www.youtube.com/results?search_query=Yoga+Bridge+Pose+Tutorial
pose_013,Wheel Pose,Urdhva Dhanurasana,Backbend,Advanced,"Shoulders, Chest","Improves flexibility, strengthens shoulders, chest, and enhances body stability.",Heart conditions,60,assets/images/poses/pose_013.png,yt_id_013,https://www.youtube.com/results?search_query=Yoga+Wheel+Pose+Tutorial
pose_014,Crow Pose,Bakasana,Arm Balance,Advanced,"Wrists, Core","Improves flexibility, strengthens wrists, core, and enhances body stability.",Carpal tunnel,60,assets/images/poses/pose_014.png,yt_id_014,https://www.youtube.com/results?search_query=Yoga+Crow+Pose+Tutorial
pose_015,Plank Pose,Kumbhakasana,Core,Beginner,"Abs, Arms","Improves flexibility, strengthens abs, arms, and enhances body stability.",Wrist pain,30,assets/images/poses/pose_015.png,yt_id_015,https://www.youtube.com/results?search_query=Yoga+Plank+Pose+Tutorial
pose_016,Four-Limbed Staff Pose,Chaturanga Dandasana,Arm Balance,Intermediate,"Triceps, Core","Improves flexibility, strengthens triceps, core, and enhances body stability.",Shoulder injury,45,assets/images/poses/pose_016.png,yt_id_016,https://www.youtube.com/results?search_query=Yoga+Four-Limbed+Staff+Pose+Tutorial
pose_017,Camel Pose,Ustrasana,Backbend,Intermediate,"Quads, Chest","Improves flexibility, strengthens quads, chest, and enhances body stability.",High blood pressure,45,assets/images/poses/pose_017.png,yt_id_017,https://www.youtube.com/results?search_query=Yoga+Camel+Pose+Tutorial
pose_018,Pigeon Pose,Eka Pada Rajakapotasana,Seated,Intermediate,"Hip Flexors, Glutes","Improves flexibility, strengthens hip flexors, glutes, and enhances body stability.",Knee tightness,45,assets/images/poses/pose_018.png,yt_id_018,https://www.youtube.com/results?search_query=Yoga+Pigeon+Pose+Tutorial
pose_019,Seated Forward Bend,Paschimottanasana,Seated,Beginner,"Hamstrings, Spine","Improves flexibility, strengthens hamstrings, spine, and enhances body stability.",Asthma,30,assets/images/poses/pose_019.png,yt_id_019,https://www.youtube.com/results?search_query=Yoga+Seated+Forward+Bend+Tutorial
pose_020,Corpse Pose,Savasana,Restorative,Beginner,Full Body,"Improves flexibility, strengthens full body, and enhances body stability.",None,30,assets/images/poses/pose_020.png,yt_id_020,https://www.youtube.com/results?search_query=Yoga+Corpse+Pose+Tutorial
pose_021,Bound Downward-Facing Dog,Bound Adho Mukha Svanasana,Inversion,Beginner,"Hamstrings, Calves","Improves flexibility, strengthens hamstrings, calves, and enhances body stability.",Wrist injury,30,assets/images/poses/pose_021.png,yt_id_021,https://www.youtube.com/results?search_query=Yoga+Bound+Downward-Facing+Dog+Tutorial
pose_022,Bound Upward-Facing Dog,Bound Urdhva Mukha Svanasana,Backbend,Intermediate,"Chest, Wrists","Improves flexibility, strengthens chest, wrists, and enhances body stability.",Back injury,45,assets/images/poses/pose_022.png,yt_id_022,https://www.youtube.com/results?search_query=Yoga+Bound+Upward-Facing+Dog+Tutorial
pose_023,Bound Cobra Pose,Bound Bhujangasana,Backbend,Beginner,"Spine, Chest","Improves flexibility, strengthens spine, chest, and enhances body stability.",Pregnancy,30,assets/images/poses/pose_023.png,yt_id_023,https://www.youtube.com/results?search_query=Yoga+Bound+Cobra+Pose+Tutorial
pose_024,Bound Warrior I,Bound Virabhadrasana I,Standing,Beginner,"Quads, Glutes","Improves flexibility, strengthens quads, glutes, and enhances body stability.",High blood pressure,30,assets/images/poses/pose_024.png,yt_id_024,https://www.youtube.com/results?search_query=Yoga+Bound+Warrior+I+Tutorial
pose_025,Bound Warrior II,Bound Virabhadrasana II,Standing,Beginner,"Hips, Thighs","Improves flexibility, strengthens hips, thighs, and enhances body stability.",Neck pain,30,assets/images/poses/pose_025.png,yt_id_025,https://www.youtube.com/results?search_query=Yoga+Bound+Warrior+II+Tutorial
pose_026,Bound Warrior III,Bound Virabhadrasana III,Balancing,Intermediate,"Core, Hamstrings","Improves flexibility, strengthens core, hamstrings, and enhances body stability.",Balance issues,45,assets/images/poses/pose_026.png,yt_id_026,https://www.youtube.com/results?search_query=Yoga+Bound+Warrior+III+Tutorial
pose_027,Bound Tree Pose,Bound Vrksasana,Balancing,Beginner,"Ankles, Calves","Improves flexibility, strengthens ankles, calves, and enhances body stability.",Dizziness,30,assets/images/poses/pose_027.png,yt_id_027,https://www.youtube.com/results?search_query=Yoga+Bound+Tree+Pose+Tutorial
pose_028,Bound Triangle Pose,Bound Trikonasana,Standing,Beginner,"Groin, Hamstrings","Improves flexibility, strengthens groin, hamstrings, and enhances body stability.",Low blood pressure,30,assets/images/poses/pose_028.png,yt_id_028,https://www.youtube.com/results?search_query=Yoga+Bound+Triangle+Pose+Tutorial
pose_029,Bound Extended Side Angle,Bound Utthita Parsvakonasana,Standing,Intermediate,"Waist, Hips","Improves flexibility, strengthens waist, hips, and enhances body stability.",Headache,45,assets/images/poses/pose_029.png,yt_id_029,https://www.youtube.com/results?search_query=Yoga+Bound+Extended+Side+Angle+Tutorial
pose_030,Bound Chair Pose,Bound Utkatasana,Standing,Beginner,"Quads, Shoulders","Improves flexibility, strengthens quads, shoulders, and enhances body stability.",Insomnia,30,assets/images/poses/pose_030.png,yt_id_030,https://www.youtube.com/results?search_query=Yoga+Bound+Chair+Pose+Tutorial
pose_031,Bound Child's Pose,Bound Balasana,Restorative,Beginner,"Lower Back, Hips","Improves flexibility, strengthens lower back, hips, and enhances body stability.",Knee injury,30,assets/images/poses/pose_031.png,yt_id_031,https://www.youtube.com/results?search_query=Yoga+Bound+Child's+Pose+Tutorial
pose_032,Bound Bridge Pose,Bound Setu Bandha Sarvangasana,Backbend,Beginner,"Glutes, Spine","Improves flexibility, strengthens glutes, spine, and enhances body stability.",Neck injury,30,assets/images/poses/pose_032.png,yt_id_032,https://www.youtube.com/results?search_query=Yoga+Bound+Bridge+Pose+Tutorial
pose_033,Bound Wheel Pose,Bound Urdhva Dhanurasana,Backbend,Advanced,"Shoulders, Chest","Improves flexibility, strengthens shoulders, chest, and enhances body stability.",Heart conditions,60,assets/images/poses/pose_033.png,yt_id_033,https://www.youtube.com/results?search_query=Yoga+Bound+Wheel+Pose+Tutorial
pose_034,Bound Crow Pose,Bound Bakasana,Arm Balance,Advanced,"Wrists, Core","Improves flexibility, strengthens wrists, core, and enhances body stability.",Carpal tunnel,60,assets/images/poses/pose_034.png,yt_id_034,https://www.youtube.com/results?search_query=Yoga+Bound+Crow+Pose+Tutorial
pose_035,Bound Plank Pose,Bound Kumbhakasana,Core,Beginner,"Abs, Arms","Improves flexibility, strengthens abs, arms, and enhances body stability.",Wrist pain,30,assets/images/poses/pose_035.png,yt_id_035,https://www.youtube.com/results?search_query=Yoga+Bound+Plank+Pose+Tutorial
pose_036,Bound Four-Limbed Staff Pose,Bound Chaturanga Dandasana,Arm Balance,Intermediate,"Triceps, Core","Improves flexibility, strengthens triceps, core, and enhances body stability.",Shoulder injury,45,assets/images/poses/pose_036.png,yt_id_036,https://www.youtube.com/results?search_query=Yoga+Bound+Four-Limbed+Staff+Pose+Tutorial
pose_037,Bound Camel Pose,Bound Ustrasana,Backbend,Intermediate,"Quads, Chest","Improves flexibility, strengthens quads, chest, and enhances body stability.",High blood pressure,45,assets/images/poses/pose_037.png,yt_id_037,https://www.youtube.com/results?search_query=Yoga+Bound+Camel+Pose+Tutorial
pose_038,Bound Pigeon Pose,Bound Eka Pada Rajakapotasana,Seated,Intermediate,"Hip Flexors, Glutes","Improves flexibility, strengthens hip flexors, glutes, and enhances body stability.",Knee tightness,45,assets/images/poses/pose_038.png,yt_id_038,https://www.youtube.com/results?search_query=Yoga+Bound+Pigeon+Pose+Tutorial
pose_039,Bound Seated Forward Bend,Bound Paschimottanasana,Seated,Beginner,"Hamstrings, Spine","Improves flexibility, strengthens hamstrings, spine, and enhances body stability.",Asthma,30,assets/images/poses/pose_039.png,yt_id_039,https://www.youtube.com/results?search_query=Yoga+Bound+Seated+Forward+Bend+Tutorial
pose_040,Bound Corpse Pose,Bound Savasana,Restorative,Beginner,Full Body,"Improves flexibility, strengthens full body, and enhances body stability.",None,30,assets/images/poses/pose_040.png,yt_id_040,https://www.youtube.com/results?search_query=Yoga+Bound+Corpse+Pose+Tutorial
pose_041,Revolved Downward-Facing Dog,Revolved Adho Mukha Svanasana,Inversion,Beginner,"Hamstrings, Calves","Improves flexibility, strengthens hamstrings, calves, and enhances body stability.",Wrist injury,30,assets/images/poses/pose_041.png,yt_id_041,https://www.youtube.com/results?search_query=Yoga+Revolved+Downward-Facing+Dog+Tutorial
pose_042,Revolved Upward-Facing Dog,Revolved Urdhva Mukha Svanasana,Backbend,Intermediate,"Chest, Wrists","Improves flexibility, strengthens chest, wrists, and enhances body stability.",Back injury,45,assets/images/poses/pose_042.png,yt_id_042,https://www.youtube.com/results?search_query=Yoga+Revolved+Upward-Facing+Dog+Tutorial
pose_043,Revolved Cobra Pose,Revolved Bhujangasana,Backbend,Beginner,"Spine, Chest","Improves flexibility, strengthens spine, chest, and enhances body stability.",Pregnancy,30,assets/images/poses/pose_043.png,yt_id_043,https://www.youtube.com/results?search_query=Yoga+Revolved+Cobra+Pose+Tutorial
pose_044,Revolved Warrior I,Revolved Virabhadrasana I,Standing,Beginner,"Quads, Glutes","Improves flexibility, strengthens quads, glutes, and enhances body stability.",High blood pressure,30,assets/images/poses/pose_044.png,yt_id_044,https://www.youtube.com/results?search_query=Yoga+Revolved+Warrior+I+Tutorial
pose_045,Revolved Warrior II,Revolved Virabhadrasana II,Standing,Beginner,"Hips, Thighs","Improves flexibility, strengthens hips, thighs, and enhances body stability.",Neck pain,30,assets/images/poses/pose_045.png,yt_id_045,https://www.youtube.com/results?search_query=Yoga+Revolved+Warrior+II+Tutorial
pose_046,Revolved Warrior III,Revolved Virabhadrasana III,Balancing,Intermediate,"Core, Hamstrings","Improves flexibility, strengthens core, hamstrings, and enhances body stability.",Balance issues,45,assets/images/poses/pose_046.png,yt_id_046,https://www.youtube.com/results?search_query=Yoga+Revolved+Warrior+III+Tutorial
pose_047,Revolved Tree Pose,Revolved Vrksasana,Balancing,Beginner,"Ankles, Calves","Improves flexibility, strengthens ankles, calves, and enhances body stability.",Dizziness,30,assets/images/poses/pose_047.png,yt_id_047,https://www.youtube.com/results?search_query=Yoga+Revolved+Tree+Pose+Tutorial
pose_048,Revolved Triangle Pose,Revolved Trikonasana,Standing,Beginner,"Groin, Hamstrings","Improves flexibility, strengthens groin, hamstrings, and enhances body stability.",Low blood pressure,30,assets/images/poses/pose_048.png,yt_id_048,https://www.youtube.com/results?search_query=Yoga+Revolved+Triangle+Pose+Tutorial
pose_049,Revolved Extended Side Angle,Revolved Utthita Parsvakonasana,Standing,Intermediate,"Waist, Hips","Improves flexibility, strengthens waist, hips, and enhances body stability.",Headache,45,assets/images/poses/pose_049.png,yt_id_049,https://www.youtube.com/results?search_query=Yoga+Revolved+Extended+Side+Angle+Tutorial
pose_050,Revolved Chair Pose,Revolved Utkatasana,Standing,Beginner,"Quads, Shoulders","Improves flexibility, strengthens quads, shoulders, and enhances body stability.",Insomnia,30,assets/images/poses/pose_050.png,yt_id_050,https://www.youtube.com/results?search_query=Yoga+Revolved+Chair+Pose+Tutorial
pose_051,Revolved Child's Pose,Revolved Balasana,Restorative,Beginner,"Lower Back, Hips","Improves flexibility, strengthens lower back, hips, and enhances body stability.",Knee injury,30,assets/images/poses/pose_051.png,yt_id_051,https://www.youtube.com/results?search_query=Yoga+Revolved+Child's+Pose+Tutorial
pose_052,Revolved Bridge Pose,Revolved Setu Bandha Sarvangasana,Backbend,Beginner,"Glutes, Spine","Improves flexibility, strengthens glutes, spine, and enhances body stability.",Neck injury,30,assets/images/poses/pose_052.png,yt_id_052,https://www.youtube.com/results?search_query=Yoga+Revolved+Bridge+Pose+Tutorial
pose_053,Revolved Wheel Pose,Revolved Urdhva Dhanurasana,Backbend,Advanced,"Shoulders, Chest","Improves flexibility, strengthens shoulders, chest, and enhances body stability.",Heart conditions,60,assets/images/poses/pose_053.png,yt_id_053,https://www.youtube.com/results?search_query=Yoga+Revolved+Wheel+Pose+Tutorial
pose_054,Revolved Crow Pose,Revolved Bakasana,Arm Balance,Advanced,"Wrists, Core","Improves flexibility, strengthens wrists, core, and enhances body stability.",Carpal tunnel,60,assets/images/poses/pose_054.png,yt_id_054,https://www.youtube.com/results?search_query=Yoga+Revolved+Crow+Pose+Tutorial
pose_055,Revolved Plank Pose,Revolved Kumbhakasana,Core,Beginner,"Abs, Arms","Improves flexibility, strengthens abs, arms, and enhances body stability.",Wrist pain,30,assets/images/poses/pose_055.png,yt_id_055,https://www.youtube.com/results?search_query=Yoga+Revolved+Plank+Pose+Tutorial
pose_056,Revolved Four-Limbed Staff Pose,Revolved Chaturanga Dandasana,Arm Balance,Intermediate,"Triceps, Core","Improves flexibility, strengthens triceps, core, and enhances body stability.",Shoulder injury,45,assets/images/poses/pose_056.png,yt_id_056,https://www.youtube.com/results?search_query=Yoga+Revolved+Four-Limbed+Staff+Pose+Tutorial
pose_057,Revolved Camel Pose,Revolved Ustrasana,Backbend,Intermediate,"Quads, Chest","Improves flexibility, strengthens quads, chest, and enhances body stability.",High blood pressure,45,assets/images/poses/pose_057.png,yt_id_057,https://www.youtube.com/results?search_query=Yoga+Revolved+Camel+Pose+Tutorial
pose_058,Revolved Pigeon Pose,Revolved Eka Pada Rajakapotasana,Seated,Intermediate,"Hip Flexors, Glutes","Improves flexibility, strengthens hip flexors, glutes, and enhances body stability.",Knee tightness,45,assets/images/poses/pose_058.png,yt_id_058,https://www.youtube.com/results?search_query=Yoga+Revolved+Pigeon+Pose+Tutorial
pose_059,Revolved Seated Forward Bend,Revolved Paschimottanasana,Seated,Beginner,"Hamstrings, Spine","Improves flexibility, strengthens hamstrings, spine, and enhances body stability.",Asthma,30,assets/images/poses/pose_059.png,yt_id_059,https://www.youtube.com/results?search_query=Yoga+Revolved+Seated+Forward+Bend+Tutorial
pose_060,Revolved Corpse Pose,Revolved Savasana,Restorative,Beginner,Full Body,"Improves flexibility, strengthens full body, and enhances body stability.",None,30,assets/images/poses/pose_060.png,yt_id_060,https://www.youtube.com/results?search_query=Yoga+Revolved+Corpse+Pose+Tutorial
pose_061,Supported Downward-Facing Dog,Supported Adho Mukha Svanasana,Inversion,Beginner,"Hamstrings, Calves","Improves flexibility, strengthens hamstrings, calves, and enhances body stability.",Wrist injury,30,assets/images/poses/pose_061.png,yt_id_061,https://www.youtube.com/results?search_query=Yoga+Supported+Downward-Facing+Dog+Tutorial
pose_062,Supported Upward-Facing Dog,Supported Urdhva Mukha Svanasana,Backbend,Intermediate,"Chest, Wrists","Improves flexibility, strengthens chest, wrists, and enhances body stability.",Back injury,45,assets/images/poses/pose_062.png,yt_id_062,https://www.youtube.com/results?search_query=Yoga+Supported+Upward-Facing+Dog+Tutorial
pose_063,Supported Cobra Pose,Supported Bhujangasana,Backbend,Beginner,"Spine, Chest","Improves flexibility, strengthens spine, chest, and enhances body stability.",Pregnancy,30,assets/images/poses/pose_063.png,yt_id_063,https://www.youtube.com/results?search_query=Yoga+Supported+Cobra+Pose+Tutorial
pose_064,Supported Warrior I,Supported Virabhadrasana I,Standing,Beginner,"Quads, Glutes","Improves flexibility, strengthens quads, glutes, and enhances body stability.",High blood pressure,30,assets/images/poses/pose_064.png,yt_id_064,https://www.youtube.com/results?search_query=Yoga+Supported+Warrior+I+Tutorial
pose_065,Supported Warrior II,Supported Virabhadrasana II,Standing,Beginner,"Hips, Thighs","Improves flexibility, strengthens hips, thighs, and enhances body stability.",Neck pain,30,assets/images/poses/pose_065.png,yt_id_065,https://www.youtube.com/results?search_query=Yoga+Supported+Warrior+II+Tutorial
pose_066,Supported Warrior III,Supported Virabhadrasana III,Balancing,Intermediate,"Core, Hamstrings","Improves flexibility, strengthens core, hamstrings, and enhances body stability.",Balance issues,45,assets/images/poses/pose_066.png,yt_id_066,https://www.youtube.com/results?search_query=Yoga+Supported+Warrior+III+Tutorial
pose_067,Supported Tree Pose,Supported Vrksasana,Balancing,Beginner,"Ankles, Calves","Improves flexibility, strengthens ankles, calves, and enhances body stability.",Dizziness,30,assets/images/poses/pose_067.png,yt_id_067,https://www.youtube.com/results?search_query=Yoga+Supported+Tree+Pose+Tutorial
pose_068,Supported Triangle Pose,Supported Trikonasana,Standing,Beginner,"Groin, Hamstrings","Improves flexibility, strengthens groin, hamstrings, and enhances body stability.",Low blood pressure,30,assets/images/poses/pose_068.png,yt_id_068,https://www.youtube.com/results?search_query=Yoga+Supported+Triangle+Pose+Tutorial
pose_069,Supported Extended Side Angle,Supported Utthita Parsvakonasana,Standing,Intermediate,"Waist, Hips","Improves flexibility, strengthens waist, hips, and enhances body stability.",Headache,45,assets/images/poses/pose_069.png,yt_id_069,https://www.youtube.com/results?search_query=Yoga+Supported+Extended+Side+Angle+Tutorial
pose_070,Supported Chair Pose,Supported Utkatasana,Standing,Beginner,"Quads, Shoulders","Improves flexibility, strengthens quads, shoulders, and enhances body stability.",Insomnia,30,assets/images/poses/pose_070.png,yt_id_070,https://www.youtube.com/results?search_query=Yoga+Supported+Chair+Pose+Tutorial
pose_071,Supported Child's Pose,Supported Balasana,Restorative,Beginner,"Lower Back, Hips","Improves flexibility, strengthens lower back, hips, and enhances body stability.",Knee injury,30,assets/images/poses/pose_071.png,yt_id_071,https://www.youtube.com/results?search_query=Yoga+Supported+Child's+Pose+Tutorial
pose_072,Supported Bridge Pose,Supported Setu Bandha Sarvangasana,Backbend,Beginner,"Glutes, Spine","Improves flexibility, strengthens glutes, spine, and enhances body stability.",Neck injury,30,assets/images/poses/pose_072.png,yt_id_072,https://www.youtube.com/results?search_query=Yoga+Supported+Bridge+Pose+Tutorial
pose_073,Supported Wheel Pose,Supported Urdhva Dhanurasana,Backbend,Advanced,"Shoulders, Chest","Improves flexibility, strengthens shoulders, chest, and enhances body stability.",Heart conditions,60,assets/images/poses/pose_073.png,yt_id_073,https://www.youtube.com/results?search_query=Yoga+Supported+Wheel+Pose+Tutorial
pose_074,Supported Crow Pose,Supported Bakasana,Arm Balance,Advanced,"Wrists, Core","Improves flexibility, strengthens wrists, core, and enhances body stability.",Carpal tunnel,60,assets/images/poses/pose_074.png,yt_id_074,https://www.youtube.com/results?search_query=Yoga+Supported+Crow+Pose+Tutorial
pose_075,Supported Plank Pose,Supported Kumbhakasana,Core,Beginner,"Abs, Arms","Improves flexibility, strengthens abs, arms, and enhances body stability.",Wrist pain,30,assets/images/poses/pose_075.png,yt_id_075,https://www.youtube.com/results?search_query=Yoga+Supported+Plank+Pose+Tutorial
pose_076,Supported Four-Limbed Staff Pose,Supported Chaturanga Dandasana,Arm Balance,Intermediate,"Triceps, Core","Improves flexibility, strengthens triceps, core, and enhances body stability.",Shoulder injury,45,assets/images/poses/pose_076.png,yt_id_076,https://www.youtube.com/results?search_query=Yoga+Supported+Four-Limbed+Staff+Pose+Tutorial
pose_077,Supported Camel Pose,Supported Ustrasana,Backbend,Intermediate,"Quads, Chest","Improves flexibility, strengthens quads, chest, and enhances body stability.",High blood pressure,45,assets/images/poses/pose_077.png,yt_id_077,https://www.youtube.com/results?search_query=Yoga+Supported+Camel+Pose+Tutorial
pose_078,Supported Pigeon Pose,Supported Eka Pada Rajakapotasana,Seated,Intermediate,"Hip Flexors, Glutes","Improves flexibility, strengthens hip flexors, glutes, and enhances body stability.",Knee tightness,45,assets/images/poses/pose_078.png,yt_id_078,https://www.youtube.com/results?search_query=Yoga+Supported+Pigeon+Pose+Tutorial
pose_079,Supported Seated Forward Bend,Supported Paschimottanasana,Seated,Beginner,"Hamstrings, Spine","Improves flexibility, strengthens hamstrings, spine, and enhances body stability.",Asthma,30,assets/images/poses/pose_079.png,yt_id_079,https://www.youtube.com/results?search_query=Yoga+Supported+Seated+Forward+Bend+Tutorial
pose_080,Supported Corpse Pose,Supported Savasana,Restorative,Beginner,Full Body,"Improves flexibility, strengthens full body, and enhances body stability.",None,30,assets/images/poses/pose_080.png,yt_id_080,https://www.youtube.com/results?search_query=Yoga+Supported+Corpse+Pose+Tutorial
pose_081,Extended Downward-Facing Dog,Extended Adho Mukha Svanasana,Inversion,Beginner,"Hamstrings, Calves","Improves flexibility, strengthens hamstrings, calves, and enhances body stability.",Wrist injury,30,assets/images/poses/pose_081.png,yt_id_081,https://www.youtube.com/results?search_query=Yoga+Extended+Downward-Facing+Dog+Tutorial
pose_082,Extended Upward-Facing Dog,Extended Urdhva Mukha Svanasana,Backbend,Intermediate,"Chest, Wrists","Improves flexibility, strengthens chest, wrists, and enhances body stability.",Back injury,45,assets/images/poses/pose_082.png,yt_id_082,https://www.youtube.com/results?search_query=Yoga+Extended+Upward-Facing+Dog+Tutorial
pose_083,Extended Cobra Pose,Extended Bhujangasana,Backbend,Beginner,"Spine, Chest","Improves flexibility, strengthens spine, chest, and enhances body stability.",Pregnancy,30,assets/images/poses/pose_083.png,yt_id_083,https://www.youtube.com/results?search_query=Yoga+Extended+Cobra+Pose+Tutorial
pose_084,Extended Warrior I,Extended Virabhadrasana I,Standing,Beginner,"Quads, Glutes","Improves flexibility, strengthens quads, glutes, and enhances body stability.",High blood pressure,30,assets/images/poses/pose_084.png,yt_id_084,https://www.youtube.com/results?search_query=Yoga+Extended+Warrior+I+Tutorial
pose_085,Extended Warrior II,Extended Virabhadrasana II,Standing,Beginner,"Hips, Thighs","Improves flexibility, strengthens hips, thighs, and enhances body stability.",Neck pain,30,assets/images/poses/pose_085.png,yt_id_085,https://www.youtube.com/results?search_query=Yoga+Extended+Warrior+II+Tutorial
pose_086,Extended Warrior III,Extended Virabhadrasana III,Balancing,Intermediate,"Core, Hamstrings","Improves flexibility, strengthens core, hamstrings, and enhances body stability.",Balance issues,45,assets/images/poses/pose_086.png,yt_id_086,https://www.youtube.com/results?search_query=Yoga+Extended+Warrior+III+Tutorial
pose_087,Extended Tree Pose,Extended Vrksasana,Balancing,Beginner,"Ankles, Calves","Improves flexibility, strengthens ankles, calves, and enhances body stability.",Dizziness,30,assets/images/poses/pose_087.png,yt_id_087,https://www.youtube.com/results?search_query=Yoga+Extended+Tree+Pose+Tutorial
pose_088,Extended Triangle Pose,Extended Trikonasana,Standing,Beginner,"Groin, Hamstrings","Improves flexibility, strengthens groin, hamstrings, and enhances body stability.",Low blood pressure,30,assets/images/poses/pose_088.png,yt_id_088,https://www.youtube.com/results?search_query=Yoga+Extended+Triangle+Pose+Tutorial
pose_089,Extended Extended Side Angle,Extended Utthita Parsvakonasana,Standing,Intermediate,"Waist, Hips","Improves flexibility, strengthens waist, hips, and enhances body stability.",Headache,45,assets/images/poses/pose_089.png,yt_id_089,https://www.youtube.com/results?search_query=Yoga+Extended+Extended+Side+Angle+Tutorial
pose_090,Extended Chair Pose,Extended Utkatasana,Standing,Beginner,"Quads, Shoulders","Improves flexibility, strengthens quads, shoulders, and enhances body stability.",Insomnia,30,assets/images/poses/pose_090.png,yt_id_090,https://www.youtube.com/results?search_query=Yoga+Extended+Chair+Pose+Tutorial
pose_091,Extended Child's Pose,Extended Balasana,Restorative,Beginner,"Lower Back, Hips","Improves flexibility, strengthens lower back, hips, and enhances body stability.",Knee injury,30,assets/images/poses/pose_091.png,yt_id_091,https://www.youtube.com/results?search_query=Yoga+Extended+Child's+Pose+Tutorial
pose_092,Extended Bridge Pose,Extended Setu Bandha Sarvangasana,Backbend,Beginner,"Glutes, Spine","Improves flexibility, strengthens glutes, spine, and enhances body stability.",Neck injury,30,assets/images/poses/pose_092.png,yt_id_092,https://www.youtube.com/results?search_query=Yoga+Extended+Bridge+Pose+Tutorial
pose_093,Extended Wheel Pose,Extended Urdhva Dhanurasana,Backbend,Advanced,"Shoulders, Chest","Improves flexibility, strengthens shoulders, chest, and enhances body stability.",Heart conditions,60,assets/images/poses/pose_093.png,yt_id_093,https://www.youtube.com/results?search_query=Yoga+Extended+Wheel+Pose+Tutorial
pose_094,Extended Crow Pose,Extended Bakasana,Arm Balance,Advanced,"Wrists, Core","Improves flexibility, strengthens wrists, core, and enhances body stability.",Carpal tunnel,60,assets/images/poses/pose_094.png,yt_id_094,https://www.youtube.com/results?search_query=Yoga+Extended+Crow+Pose+Tutorial
pose_095,Extended Plank Pose,Extended Kumbhakasana,Core,Beginner,"Abs, Arms","Improves flexibility, strengthens abs, arms, and enhances body stability.",Wrist pain,30,assets/images/poses/pose_095.png,yt_id_095,https://www.youtube.com/results?search_query=Yoga+Extended+Plank+Pose+Tutorial
pose_096,Extended Four-Limbed Staff Pose,Extended Chaturanga Dandasana,Arm Balance,Intermediate,"Triceps, Core","Improves flexibility, strengthens triceps, core, and enhances body stability.",Shoulder injury,45,assets/images/poses/pose_096.png,yt_id_096,https://www.youtube.com/results?search_query=Yoga+Extended+Four-Limbed+Staff+Pose+Tutorial
pose_097,Extended Camel Pose,Extended Ustrasana,Backbend,Intermediate,"Quads, Chest","Improves flexibility, strengthens quads, chest, and enhances body stability.",High blood pressure,45,assets/images/poses/pose_097.png,yt_id_097,https://www.youtube.com/results?search_query=Yoga+Extended+Camel+Pose+Tutorial
pose_098,Extended Pigeon Pose,Extended Eka Pada Rajakapotasana,Seated,Intermediate,"Hip Flexors, Glutes","Improves flexibility, strengthens hip flexors, glutes, and enhances body stability.",Knee tightness,45,assets/images/poses/pose_098.png,yt_id_098,https://www.youtube.com/results?search_query=Yoga+Extended+Pigeon+Pose+Tutorial
pose_099,Extended Seated Forward Bend,Extended Paschimottanasana,Seated,Beginner,"Hamstrings, Spine","Improves flexibility, strengthens hamstrings, spine, and enhances body stability.",Asthma,30,assets/images/poses/pose_099.png,yt_id_099,https://www.youtube.com/results?search_query=Yoga+Extended+Seated+Forward+Bend+Tutorial
pose_100,Extended Corpse Pose,Extended Savasana,Restorative,Beginner,Full Body,"Improves flexibility, strengthens full body, and enhances body stability.",None,30,assets/images/poses/pose_100.png,yt_id_100,https://www.youtube.com/results?search_query=Yoga+Extended+Corpse+Pose+Tutorial
pose_101,Half Downward-Facing Dog,Half Adho Mukha Svanasana,Inversion,Beginner,"Hamstrings, Calves","Improves flexibility, strengthens hamstrings, calves, and enhances body stability.",Wrist injury,30,assets/images/poses/pose_101.png,yt_id_101,https://www.youtube.com/results?search_query=Yoga+Half+Downward-Facing+Dog+Tutorial
pose_102,Half Upward-Facing Dog,Half Urdhva Mukha Svanasana,Backbend,Intermediate,"Chest, Wrists","Improves flexibility, strengthens chest, wrists, and enhances body stability.",Back injury,45,assets/images/poses/pose_102.png,yt_id_102,https://www.youtube.com/results?search_query=Yoga+Half+Upward-Facing+Dog+Tutorial
pose_103,Half Cobra Pose,Half Bhujangasana,Backbend,Beginner,"Spine, Chest","Improves flexibility, strengthens spine, chest, and enhances body stability.",Pregnancy,30,assets/images/poses/pose_103.png,yt_id_103,https://www.youtube.com/results?search_query=Yoga+Half+Cobra+Pose+Tutorial
pose_104,Half Warrior I,Half Virabhadrasana I,Standing,Beginner,"Quads, Glutes","Improves flexibility, strengthens quads, glutes, and enhances body stability.",High blood pressure,30,assets/images/poses/pose_104.png,yt_id_104,https://www.youtube.com/results?search_query=Yoga+Half+Warrior+I+Tutorial
pose_105,Half Warrior II,Half Virabhadrasana II,Standing,Beginner,"Hips, Thighs","Improves flexibility, strengthens hips, thighs, and enhances body stability.",Neck pain,30,assets/images/poses/pose_105.png,yt_id_105,https://www.youtube.com/results?search_query=Yoga+Half+Warrior+II+Tutorial
pose_106,Half Warrior III,Half Virabhadrasana III,Balancing,Intermediate,"Core, Hamstrings","Improves flexibility, strengthens core, hamstrings, and enhances body stability.",Balance issues,45,assets/images/poses/pose_106.png,yt_id_106,https://www.youtube.com/results?search_query=Yoga+Half+Warrior+III+Tutorial
pose_107,Half Tree Pose,Half Vrksasana,Balancing,Beginner,"Ankles, Calves","Improves flexibility, strengthens ankles, calves, and enhances body stability.",Dizziness,30,assets/images/poses/pose_107.png,yt_id_107,https://www.youtube.com/results?search_query=Yoga+Half+Tree+Pose+Tutorial
pose_108,Half Triangle Pose,Half Trikonasana,Standing,Beginner,"Groin, Hamstrings","Improves flexibility, strengthens groin, hamstrings, and enhances body stability.",Low blood pressure,30,assets/images/poses/pose_108.png,yt_id_108,https://www.youtube.com/results?search_query=Yoga+Half+Triangle+Pose+Tutorial
pose_109,Half Extended Side Angle,Half Utthita Parsvakonasana,Standing,Intermediate,"Waist, Hips","Improves flexibility, strengthens waist, hips, and enhances body stability.",Headache,45,assets/images/poses/pose_109.png,yt_id_109,https://www.youtube.com/results?search_query=Yoga+Half+Extended+Side+Angle+Tutorial
pose_110,Half Chair Pose,Half Utkatasana,Standing,Beginner,"Quads, Shoulders","Improves flexibility, strengthens quads, shoulders, and enhances body stability.",Insomnia,30,assets/images/poses/pose_110.png,yt_id_110,https://www.youtube.com/results?search_query=Yoga+Half+Chair+Pose+Tutorial
pose_111,Half Child's Pose,Half Balasana,Restorative,Beginner,"Lower Back, Hips","Improves flexibility, strengthens lower back, hips, and enhances body stability.",Knee injury,30,assets/images/poses/pose_111.png,yt_id_111,https://www.youtube.com/results?search_query=Yoga+Half+Child's+Pose+Tutorial
pose_112,Half Bridge Pose,Half Setu Bandha Sarvangasana,Backbend,Beginner,"Glutes, Spine","Improves flexibility, strengthens glutes, spine, and enhances body stability.",Neck injury,30,assets/images/poses/pose_112.png,yt_id_112,https://www.youtube.com/results?search_query=Yoga+Half+Bridge+Pose+Tutorial
pose_113,Half Wheel Pose,Half Urdhva Dhanurasana,Backbend,Advanced,"Shoulders, Chest","Improves flexibility, strengthens shoulders, chest, and enhances body stability.",Heart conditions,60,assets/images/poses/pose_113.png,yt_id_113,https://www.youtube.com/results?search_query=Yoga+Half+Wheel+Pose+Tutorial
pose_114,Half Crow Pose,Half Bakasana,Arm Balance,Advanced,"Wrists, Core","Improves flexibility, strengthens wrists, core, and enhances body stability.",Carpal tunnel,60,assets/images/poses/pose_114.png,yt_id_114,https://www.youtube.com/results?search_query=Yoga+Half+Crow+Pose+Tutorial
pose_115,Half Plank Pose,Half Kumbhakasana,Core,Beginner,"Abs, Arms","Improves flexibility, strengthens abs, arms, and enhances body stability.",Wrist pain,30,assets/images/poses/pose_115.png,yt_id_115,https://www.youtube.com/results?search_query=Yoga+Half+Plank+Pose+Tutorial
pose_116,Half Four-Limbed Staff Pose,Half Chaturanga Dandasana,Arm Balance,Intermediate,"Triceps, Core","Improves flexibility, strengthens triceps, core, and enhances body stability.",Shoulder injury,45,assets/images/poses/pose_116.png,yt_id_116,https://www.youtube.com/results?search_query=Yoga+Half+Four-Limbed+Staff+Pose+Tutorial
pose_117,Half Camel Pose,Half Ustrasana,Backbend,Intermediate,"Quads, Chest","Improves flexibility, strengthens quads, chest, and enhances body stability.",High blood pressure,45,assets/images/poses/pose_117.png,yt_id_117,https://www.youtube.com/results?search_query=Yoga+Half+Camel+Pose+Tutorial
pose_118,Half Pigeon Pose,Half Eka Pada Rajakapotasana,Seated,Intermediate,"Hip Flexors, Glutes","Improves flexibility, strengthens hip flexors, glutes, and enhances body stability.",Knee tightness,45,assets/images/poses/pose_118.png,yt_id_118,https://www.youtube.com/results?search_query=Yoga+Half+Pigeon+Pose+Tutorial
pose_119,Half Seated Forward Bend,Half Paschimottanasana,Seated,Beginner,"Hamstrings, Spine","Improves flexibility, strengthens hamstrings, spine, and enhances body stability.",Asthma,30,assets/images/poses/pose_119.png,yt_id_119,https://www.youtube.com/results?search_query=Yoga+Half+Seated+Forward+Bend+Tutorial
pose_120,Half Corpse Pose,Half Savasana,Restorative,Beginner,Full Body,"Improves flexibility, strengthens full body, and enhances body stability.",None,30,assets/images/poses/pose_120.png,yt_id_120,https://www.youtube.com/results?search_query=Yoga+Half+Corpse+Pose+Tutorial
pose_121,Single-Leg Downward-Facing Dog,Single-Leg Adho Mukha Svanasana,Inversion,Beginner,"Hamstrings, Calves","Improves flexibility, strengthens hamstrings, calves, and enhances body stability.",Wrist injury,30,assets/images/poses/pose_121.png,yt_id_121,https://www.youtube.com/results?search_query=Yoga+Single-Leg+Downward-Facing+Dog+Tutorial
pose_122,Single-Leg Upward-Facing Dog,Single-Leg Urdhva Mukha Svanasana,Backbend,Intermediate,"Chest, Wrists","Improves flexibility, strengthens chest, wrists, and enhances body stability.",Back injury,45,assets/images/poses/pose_122.png,yt_id_122,https://www.youtube.com/results?search_query=Yoga+Single-Leg+Upward-Facing+Dog+Tutorial
pose_123,Single-Leg Cobra Pose,Single-Leg Bhujangasana,Backbend,Beginner,"Spine, Chest","Improves flexibility, strengthens spine, chest, and enhances body stability.",Pregnancy,30,assets/images/poses/pose_123.png,yt_id_123,https://www.youtube.com/results?search_query=Yoga+Single-Leg+Cobra+Pose+Tutorial
pose_124,Single-Leg Warrior I,Single-Leg Virabhadrasana I,Standing,Beginner,"Quads, Glutes","Improves flexibility, strengthens quads, glutes, and enhances body stability.",High blood pressure,30,assets/images/poses/pose_124.png,yt_id_124,https://www.youtube.com/results?search_query=Yoga+Single-Leg+Warrior+I+Tutorial
pose_125,Single-Leg Warrior II,Single-Leg Virabhadrasana II,Standing,Beginner,"Hips, Thighs","Improves flexibility, strengthens hips, thighs, and enhances body stability.",Neck pain,30,assets/images/poses/pose_125.png,yt_id_125,https://www.youtube.com/results?search_query=Yoga+Single-Leg+Warrior+II+Tutorial
pose_126,Single-Leg Warrior III,Single-Leg Virabhadrasana III,Balancing,Intermediate,"Core, Hamstrings","Improves flexibility, strengthens core, hamstrings, and enhances body stability.",Balance issues,45,assets/images/poses/pose_126.png,yt_id_126,https://www.youtube.com/results?search_query=Yoga+Single-Leg+Warrior+III+Tutorial
pose_127,Single-Leg Tree Pose,Single-Leg Vrksasana,Balancing,Beginner,"Ankles, Calves","Improves flexibility, strengthens ankles, calves, and enhances body stability.",Dizziness,30,assets/images/poses/pose_127.png,yt_id_127,https://www.youtube.com/results?search_query=Yoga+Single-Leg+Tree+Pose+Tutorial
pose_128,Single-Leg Triangle Pose,Single-Leg Trikonasana,Standing,Beginner,"Groin, Hamstrings","Improves flexibility, strengthens groin, hamstrings, and enhances body stability.",Low blood pressure,30,assets/images/poses/pose_128.png,yt_id_128,https://www.youtube.com/results?search_query=Yoga+Single-Leg+Triangle+Pose+Tutorial
pose_129,Single-Leg Extended Side Angle,Single-Leg Utthita Parsvakonasana,Standing,Intermediate,"Waist, Hips","Improves flexibility, strengthens waist, hips, and enhances body stability.",Headache,45,assets/images/poses/pose_129.png,yt_id_129,https://www.youtube.com/results?search_query=Yoga+Single-Leg+Extended+Side+Angle+Tutorial
pose_130,Single-Leg Chair Pose,Single-Leg Utkatasana,Standing,Beginner,"Quads, Shoulders","Improves flexibility, strengthens quads, shoulders, and enhances body stability.",Insomnia,30,assets/images/poses/pose_130.png,yt_id_130,https://www.youtube.com/results?search_query=Yoga+Single-Leg+Chair+Pose+Tutorial
pose_131,Single-Leg Child's Pose,Single-Leg Balasana,Restorative,Beginner,"Lower Back, Hips","Improves flexibility, strengthens lower back, hips, and enhances body stability.",Knee injury,30,assets/images/poses/pose_131.png,yt_id_131,https://www.youtube.com/results?search_query=Yoga+Single-Leg+Child's+Pose+Tutorial
pose_132,Single-Leg Bridge Pose,Single-Leg Setu Bandha Sarvangasana,Backbend,Beginner,"Glutes, Spine","Improves flexibility, strengthens glutes, spine, and enhances body stability.",Neck injury,30,assets/images/poses/pose_132.png,yt_id_132,https://www.youtube.com/results?search_query=Yoga+Single-Leg+Bridge+Pose+Tutorial
pose_133,Single-Leg Wheel Pose,Single-Leg Urdhva Dhanurasana,Backbend,Advanced,"Shoulders, Chest","Improves flexibility, strengthens shoulders, chest, and enhances body stability.",Heart conditions,60,assets/images/poses/pose_133.png,yt_id_133,https://www.youtube.com/results?search_query=Yoga+Single-Leg+Wheel+Pose+Tutorial
pose_134,Single-Leg Crow Pose,Single-Leg Bakasana,Arm Balance,Advanced,"Wrists, Core","Improves flexibility, strengthens wrists, core, and enhances body stability.",Carpal tunnel,60,assets/images/poses/pose_134.png,yt_id_134,https://www.youtube.com/results?search_query=Yoga+Single-Leg+Crow+Pose+Tutorial
pose_135,Single-Leg Plank Pose,Single-Leg Kumbhakasana,Core,Beginner,"Abs, Arms","Improves flexibility, strengthens abs, arms, and enhances body stability.",Wrist pain,30,assets/images/poses/pose_135.png,yt_id_135,https://www.youtube.com/results?search_query=Yoga+Single-Leg+Plank+Pose+Tutorial
pose_136,Single-Leg Four-Limbed Staff Pose,Single-Leg Chaturanga Dandasana,Arm Balance,Intermediate,"Triceps, Core","Improves flexibility, strengthens triceps, core, and enhances body stability.",Shoulder injury,45,assets/images/poses/pose_136.png,yt_id_136,https://www.youtube.com/results?search_query=Yoga+Single-Leg+Four-Limbed+Staff+Pose+Tutorial
pose_137,Single-Leg Camel Pose,Single-Leg Ustrasana,Backbend,Intermediate,"Quads, Chest","Improves flexibility, strengthens quads, chest, and enhances body stability.",High blood pressure,45,assets/images/poses/pose_137.png,yt_id_137,https://www.youtube.com/results?search_query=Yoga+Single-Leg+Camel+Pose+Tutorial
pose_138,Single-Leg Pigeon Pose,Single-Leg Eka Pada Rajakapotasana,Seated,Intermediate,"Hip Flexors, Glutes","Improves flexibility, strengthens hip flexors, glutes, and enhances body stability.",Knee tightness,45,assets/images/poses/pose_138.png,yt_id_138,https://www.youtube.com/results?search_query=Yoga+Single-Leg+Pigeon+Pose+Tutorial
pose_139,Single-Leg Seated Forward Bend,Single-Leg Paschimottanasana,Seated,Beginner,"Hamstrings, Spine","Improves flexibility, strengthens hamstrings, spine, and enhances body stability.",Asthma,30,assets/images/poses/pose_139.png,yt_id_139,https://www.youtube.com/results?search_query=Yoga+Single-Leg+Seated+Forward+Bend+Tutorial
pose_140,Single-Leg Corpse Pose,Single-Leg Savasana,Restorative,Beginner,Full Body,"Improves flexibility, strengthens full body, and enhances body stability.",None,30,assets/images/poses/pose_140.png,yt_id_140,https://www.youtube.com/results?search_query=Yoga+Single-Leg+Corpse+Pose+Tutorial
pose_141,Dynamic Downward-Facing Dog,Dynamic Adho Mukha Svanasana,Inversion,Beginner,"Hamstrings, Calves","Improves flexibility, strengthens hamstrings, calves, and enhances body stability.",Wrist injury,30,assets/images/poses/pose_141.png,yt_id_141,https://www.youtube.com/results?search_query=Yoga+Dynamic+Downward-Facing+Dog+Tutorial
pose_142,Dynamic Upward-Facing Dog,Dynamic Urdhva Mukha Svanasana,Backbend,Intermediate,"Chest, Wrists","Improves flexibility, strengthens chest, wrists, and enhances body stability.",Back injury,45,assets/images/poses/pose_142.png,yt_id_142,https://www.youtube.com/results?search_query=Yoga+Dynamic+Upward-Facing+Dog+Tutorial
pose_143,Dynamic Cobra Pose,Dynamic Bhujangasana,Backbend,Beginner,"Spine, Chest","Improves flexibility, strengthens spine, chest, and enhances body stability.",Pregnancy,30,assets/images/poses/pose_143.png,yt_id_143,https://www.youtube.com/results?search_query=Yoga+Dynamic+Cobra+Pose+Tutorial
pose_144,Dynamic Warrior I,Dynamic Virabhadrasana I,Standing,Beginner,"Quads, Glutes","Improves flexibility, strengthens quads, glutes, and enhances body stability.",High blood pressure,30,assets/images/poses/pose_144.png,yt_id_144,https://www.youtube.com/results?search_query=Yoga+Dynamic+Warrior+I+Tutorial
pose_145,Dynamic Warrior II,Dynamic Virabhadrasana II,Standing,Beginner,"Hips, Thighs","Improves flexibility, strengthens hips, thighs, and enhances body stability.",Neck pain,30,assets/images/poses/pose_145.png,yt_id_145,https://www.youtube.com/results?search_query=Yoga+Dynamic+Warrior+II+Tutorial
pose_146,Dynamic Warrior III,Dynamic Virabhadrasana III,Balancing,Intermediate,"Core, Hamstrings","Improves flexibility, strengthens core, hamstrings, and enhances body stability.",Balance issues,45,assets/images/poses/pose_146.png,yt_id_146,https://www.youtube.com/results?search_query=Yoga+Dynamic+Warrior+III+Tutorial
pose_147,Dynamic Tree Pose,Dynamic Vrksasana,Balancing,Beginner,"Ankles, Calves","Improves flexibility, strengthens ankles, calves, and enhances body stability.",Dizziness,30,assets/images/poses/pose_147.png,yt_id_147,https://www.youtube.com/results?search_query=Yoga+Dynamic+Tree+Pose+Tutorial
pose_148,Dynamic Triangle Pose,Dynamic Trikonasana,Standing,Beginner,"Groin, Hamstrings","Improves flexibility, strengthens groin, hamstrings, and enhances body stability.",Low blood pressure,30,assets/images/poses/pose_148.png,yt_id_148,https://www.youtube.com/results?search_query=Yoga+Dynamic+Triangle+Pose+Tutorial
pose_149,Dynamic Extended Side Angle,Dynamic Utthita Parsvakonasana,Standing,Intermediate,"Waist, Hips","Improves flexibility, strengthens waist, hips, and enhances body stability.",Headache,45,assets/images/poses/pose_149.png,yt_id_149,https://www.youtube.com/results?search_query=Yoga+Dynamic+Extended+Side+Angle+Tutorial
pose_150,Dynamic Chair Pose,Dynamic Utkatasana,Standing,Beginner,"Quads, Shoulders","Improves flexibility, strengthens quads, shoulders, and enhances body stability.",Insomnia,30,assets/images/poses/pose_150.png,yt_id_150,https://www.youtube.com/results?search_query=Yoga+Dynamic+Chair+Pose+Tutorial
pose_151,Dynamic Child's Pose,Dynamic Balasana,Restorative,Beginner,"Lower Back, Hips","Improves flexibility, strengthens lower back, hips, and enhances body stability.",Knee injury,30,assets/images/poses/pose_151.png,yt_id_151,https://www.youtube.com/results?search_query=Yoga+Dynamic+Child's+Pose+Tutorial
pose_152,Dynamic Bridge Pose,Dynamic Setu Bandha Sarvangasana,Backbend,Beginner,"Glutes, Spine","Improves flexibility, strengthens glutes, spine, and enhances body stability.",Neck injury,30,assets/images/poses/pose_152.png,yt_id_152,https://www.youtube.com/results?search_query=Yoga+Dynamic+Bridge+Pose+Tutorial
pose_153,Dynamic Wheel Pose,Dynamic Urdhva Dhanurasana,Backbend,Advanced,"Shoulders, Chest","Improves flexibility, strengthens shoulders, chest, and enhances body stability.",Heart conditions,60,assets/images/poses/pose_153.png,yt_id_153,https://www.youtube.com/results?search_query=Yoga+Dynamic+Wheel+Pose+Tutorial
pose_154,Dynamic Crow Pose,Dynamic Bakasana,Arm Balance,Advanced,"Wrists, Core","Improves flexibility, strengthens wrists, core, and enhances body stability.",Carpal tunnel,60,assets/images/poses/pose_154.png,yt_id_154,https://www.youtube.com/results?search_query=Yoga+Dynamic+Crow+Pose+Tutorial
pose_155,Dynamic Plank Pose,Dynamic Kumbhakasana,Core,Beginner,"Abs, Arms","Improves flexibility, strengthens abs, arms, and enhances body stability.",Wrist pain,30,assets/images/poses/pose_155.png,yt_id_155,https://www.youtube.com/results?search_query=Yoga+Dynamic+Plank+Pose+Tutorial
pose_156,Dynamic Four-Limbed Staff Pose,Dynamic Chaturanga Dandasana,Arm Balance,Intermediate,"Triceps, Core","Improves flexibility, strengthens triceps, core, and enhances body stability.",Shoulder injury,45,assets/images/poses/pose_156.png,yt_id_156,https://www.youtube.com/results?search_query=Yoga+Dynamic+Four-Limbed+Staff+Pose+Tutorial
pose_157,Dynamic Camel Pose,Dynamic Ustrasana,Backbend,Intermediate,"Quads, Chest","Improves flexibility, strengthens quads, chest, and enhances body stability.",High blood pressure,45,assets/images/poses/pose_157.png,yt_id_157,https://www.youtube.com/results?search_query=Yoga+Dynamic+Camel+Pose+Tutorial
pose_158,Dynamic Pigeon Pose,Dynamic Eka Pada Rajakapotasana,Seated,Intermediate,"Hip Flexors, Glutes","Improves flexibility, strengthens hip flexors, glutes, and enhances body stability.",Knee tightness,45,assets/images/poses/pose_158.png,yt_id_158,https://www.youtube.com/results?search_query=Yoga+Dynamic+Pigeon+Pose+Tutorial
pose_159,Dynamic Seated Forward Bend,Dynamic Paschimottanasana,Seated,Beginner,"Hamstrings, Spine","Improves flexibility, strengthens hamstrings, spine, and enhances body stability.",Asthma,30,assets/images/poses/pose_159.png,yt_id_159,https://www.youtube.com/results?search_query=Yoga+Dynamic+Seated+Forward+Bend+Tutorial
pose_160,Dynamic Corpse Pose,Dynamic Savasana,Restorative,Beginner,Full Body,"Improves flexibility, strengthens full body, and enhances body stability.",None,30,assets/images/poses/pose_160.png,yt_id_160,https://www.youtube.com/results?search_query=Yoga+Dynamic+Corpse+Pose+Tutorial
pose_161,Floating Downward-Facing Dog,Floating Adho Mukha Svanasana,Inversion,Beginner,"Hamstrings, Calves","Improves flexibility, strengthens hamstrings, calves, and enhances body stability.",Wrist injury,30,assets/images/poses/pose_161.png,yt_id_161,https://www.youtube.com/results?search_query=Yoga+Floating+Downward-Facing+Dog+Tutorial
pose_162,Floating Upward-Facing Dog,Floating Urdhva Mukha Svanasana,Backbend,Intermediate,"Chest, Wrists","Improves flexibility, strengthens chest, wrists, and enhances body stability.",Back injury,45,assets/images/poses/pose_162.png,yt_id_162,https://www.youtube.com/results?search_query=Yoga+Floating+Upward-Facing+Dog+Tutorial
pose_163,Floating Cobra Pose,Floating Bhujangasana,Backbend,Beginner,"Spine, Chest","Improves flexibility, strengthens spine, chest, and enhances body stability.",Pregnancy,30,assets/images/poses/pose_163.png,yt_id_163,https://www.youtube.com/results?search_query=Yoga+Floating+Cobra+Pose+Tutorial
pose_164,Floating Warrior I,Floating Virabhadrasana I,Standing,Beginner,"Quads, Glutes","Improves flexibility, strengthens quads, glutes, and enhances body stability.",High blood pressure,30,assets/images/poses/pose_164.png,yt_id_164,https://www.youtube.com/results?search_query=Yoga+Floating+Warrior+I+Tutorial
pose_165,Floating Warrior II,Floating Virabhadrasana II,Standing,Beginner,"Hips, Thighs","Improves flexibility, strengthens hips, thighs, and enhances body stability.",Neck pain,30,assets/images/poses/pose_165.png,yt_id_165,https://www.youtube.com/results?search_query=Yoga+Floating+Warrior+II+Tutorial
pose_166,Floating Warrior III,Floating Virabhadrasana III,Balancing,Intermediate,"Core, Hamstrings","Improves flexibility, strengthens core, hamstrings, and enhances body stability.",Balance issues,45,assets/images/poses/pose_166.png,yt_id_166,https://www.youtube.com/results?search_query=Yoga+Floating+Warrior+III+Tutorial
pose_167,Floating Tree Pose,Floating Vrksasana,Balancing,Beginner,"Ankles, Calves","Improves flexibility, strengthens ankles, calves, and enhances body stability.",Dizziness,30,assets/images/poses/pose_167.png,yt_id_167,https://www.youtube.com/results?search_query=Yoga+Floating+Tree+Pose+Tutorial
pose_168,Floating Triangle Pose,Floating Trikonasana,Standing,Beginner,"Groin, Hamstrings","Improves flexibility, strengthens groin, hamstrings, and enhances body stability.",Low blood pressure,30,assets/images/poses/pose_168.png,yt_id_168,https://www.youtube.com/results?search_query=Yoga+Floating+Triangle+Pose+Tutorial
pose_169,Floating Extended Side Angle,Floating Utthita Parsvakonasana,Standing,Intermediate,"Waist, Hips","Improves flexibility, strengthens waist, hips, and enhances body stability.",Headache,45,assets/images/poses/pose_169.png,yt_id_169,https://www.youtube.com/results?search_query=Yoga+Floating+Extended+Side+Angle+Tutorial
pose_170,Floating Chair Pose,Floating Utkatasana,Standing,Beginner,"Quads, Shoulders","Improves flexibility, strengthens quads, shoulders, and enhances body stability.",Insomnia,30,assets/images/poses/pose_170.png,yt_id_170,https://www.youtube.com/results?search_query=Yoga+Floating+Chair+Pose+Tutorial
pose_171,Floating Child's Pose,Floating Balasana,Restorative,Beginner,"Lower Back, Hips","Improves flexibility, strengthens lower back, hips, and enhances body stability.",Knee injury,30,assets/images/poses/pose_171.png,yt_id_171,https://www.youtube.com/results?search_query=Yoga+Floating+Child's+Pose+Tutorial
pose_172,Floating Bridge Pose,Floating Setu Bandha Sarvangasana,Backbend,Beginner,"Glutes, Spine","Improves flexibility, strengthens glutes, spine, and enhances body stability.",Neck injury,30,assets/images/poses/pose_172.png,yt_id_172,https://www.youtube.com/results?search_query=Yoga+Floating+Bridge+Pose+Tutorial
pose_173,Floating Wheel Pose,Floating Urdhva Dhanurasana,Backbend,Advanced,"Shoulders, Chest","Improves flexibility, strengthens shoulders, chest, and enhances body stability.",Heart conditions,60,assets/images/poses/pose_173.png,yt_id_173,https://www.youtube.com/results?search_query=Yoga+Floating+Wheel+Pose+Tutorial
pose_174,Floating Crow Pose,Floating Bakasana,Arm Balance,Advanced,"Wrists, Core","Improves flexibility, strengthens wrists, core, and enhances body stability.",Carpal tunnel,60,assets/images/poses/pose_174.png,yt_id_174,https://www.youtube.com/results?search_query=Yoga+Floating+Crow+Pose+Tutorial
pose_175,Floating Plank Pose,Floating Kumbhakasana,Core,Beginner,"Abs, Arms","Improves flexibility, strengthens abs, arms, and enhances body stability.",Wrist pain,30,assets/images/poses/pose_175.png,yt_id_175,https://www.youtube.com/results?search_query=Yoga+Floating+Plank+Pose+Tutorial
pose_176,Floating Four-Limbed Staff Pose,Floating Chaturanga Dandasana,Arm Balance,Intermediate,"Triceps, Core","Improves flexibility, strengthens triceps, core, and enhances body stability.",Shoulder injury,45,assets/images/poses/pose_176.png,yt_id_176,https://www.youtube.com/results?search_query=Yoga+Floating+Four-Limbed+Staff+Pose+Tutorial
pose_177,Floating Camel Pose,Floating Ustrasana,Backbend,Intermediate,"Quads, Chest","Improves flexibility, strengthens quads, chest, and enhances body stability.",High blood pressure,45,assets/images/poses/pose_177.png,yt_id_177,https://www.youtube.com/results?search_query=Yoga+Floating+Camel+Pose+Tutorial
pose_178,Floating Pigeon Pose,Floating Eka Pada Rajakapotasana,Seated,Intermediate,"Hip Flexors, Glutes","Improves flexibility, strengthens hip flexors, glutes, and enhances body stability.",Knee tightness,45,assets/images/poses/pose_178.png,yt_id_178,https://www.youtube.com/results?search_query=Yoga+Floating+Pigeon+Pose+Tutorial
pose_179,Floating Seated Forward Bend,Floating Paschimottanasana,Seated,Beginner,"Hamstrings, Spine","Improves flexibility, strengthens hamstrings, spine, and enhances body stability.",Asthma,30,assets/images/poses/pose_179.png,yt_id_179,https://www.youtube.com/results?search_query=Yoga+Floating+Seated+Forward+Bend+Tutorial
pose_180,Floating Corpse Pose,Floating Savasana,Restorative,Beginner,Full Body,"Improves flexibility, strengthens full body, and enhances body stability.",None,30,assets/images/poses/pose_180.png,yt_id_180,https://www.youtube.com/results?search_query=Yoga+Floating+Corpse+Pose+Tutorial
pose_181,Restorative Downward-Facing Dog,Restorative Adho Mukha Svanasana,Inversion,Beginner,"Hamstrings, Calves","Improves flexibility, strengthens hamstrings, calves, and enhances body stability.",Wrist injury,30,assets/images/poses/pose_181.png,yt_id_181,https://www.youtube.com/results?search_query=Yoga+Restorative+Downward-Facing+Dog+Tutorial
pose_182,Restorative Upward-Facing Dog,Restorative Urdhva Mukha Svanasana,Backbend,Intermediate,"Chest, Wrists","Improves flexibility, strengthens chest, wrists, and enhances body stability.",Back injury,45,assets/images/poses/pose_182.png,yt_id_182,https://www.youtube.com/results?search_query=Yoga+Restorative+Upward-Facing+Dog+Tutorial
pose_183,Restorative Cobra Pose,Restorative Bhujangasana,Backbend,Beginner,"Spine, Chest","Improves flexibility, strengthens spine, chest, and enhances body stability.",Pregnancy,30,assets/images/poses/pose_183.png,yt_id_183,https://www.youtube.com/results?search_query=Yoga+Restorative+Cobra+Pose+Tutorial
pose_184,Restorative Warrior I,Restorative Virabhadrasana I,Standing,Beginner,"Quads, Glutes","Improves flexibility, strengthens quads, glutes, and enhances body stability.",High blood pressure,30,assets/images/poses/pose_184.png,yt_id_184,https://www.youtube.com/results?search_query=Yoga+Restorative+Warrior+I+Tutorial
pose_185,Restorative Warrior II,Restorative Virabhadrasana II,Standing,Beginner,"Hips, Thighs","Improves flexibility, strengthens hips, thighs, and enhances body stability.",Neck pain,30,assets/images/poses/pose_185.png,yt_id_185,https://www.youtube.com/results?search_query=Yoga+Restorative+Warrior+II+Tutorial
pose_186,Restorative Warrior III,Restorative Virabhadrasana III,Balancing,Intermediate,"Core, Hamstrings","Improves flexibility, strengthens core, hamstrings, and enhances body stability.",Balance issues,45,assets/images/poses/pose_186.png,yt_id_186,https://www.youtube.com/results?search_query=Yoga+Restorative+Warrior+III+Tutorial
pose_187,Restorative Tree Pose,Restorative Vrksasana,Balancing,Beginner,"Ankles, Calves","Improves flexibility, strengthens ankles, calves, and enhances body stability.",Dizziness,30,assets/images/poses/pose_187.png,yt_id_187,https://www.youtube.com/results?search_query=Yoga+Restorative+Tree+Pose+Tutorial
pose_188,Restorative Triangle Pose,Restorative Trikonasana,Standing,Beginner,"Groin, Hamstrings","Improves flexibility, strengthens groin, hamstrings, and enhances body stability.",Low blood pressure,30,assets/images/poses/pose_188.png,yt_id_188,https://www.youtube.com/results?search_query=Yoga+Restorative+Triangle+Pose+Tutorial
pose_189,Restorative Extended Side Angle,Restorative Utthita Parsvakonasana,Standing,Intermediate,"Waist, Hips","Improves flexibility, strengthens waist, hips, and enhances body stability.",Headache,45,assets/images/poses/pose_189.png,yt_id_189,https://www.youtube.com/results?search_query=Yoga+Restorative+Extended+Side+Angle+Tutorial
pose_190,Restorative Chair Pose,Restorative Utkatasana,Standing,Beginner,"Quads, Shoulders","Improves flexibility, strengthens quads, shoulders, and enhances body stability.",Insomnia,30,assets/images/poses/pose_190.png,yt_id_190,https://www.youtube.com/results?search_query=Yoga+Restorative+Chair+Pose+Tutorial
pose_191,Restorative Child's Pose,Restorative Balasana,Restorative,Beginner,"Lower Back, Hips","Improves flexibility, strengthens lower back, hips, and enhances body stability.",Knee injury,30,assets/images/poses/pose_191.png,yt_id_191,https://www.youtube.com/results?search_query=Yoga+Restorative+Child's+Pose+Tutorial
pose_192,Restorative Bridge Pose,Restorative Setu Bandha Sarvangasana,Backbend,Beginner,"Glutes, Spine","Improves flexibility, strengthens glutes, spine, and enhances body stability.",Neck injury,30,assets/images/poses/pose_192.png,yt_id_192,https://www.youtube.com/results?search_query=Yoga+Restorative+Bridge+Pose+Tutorial
pose_193,Restorative Wheel Pose,Restorative Urdhva Dhanurasana,Backbend,Advanced,"Shoulders, Chest","Improves flexibility, strengthens shoulders, chest, and enhances body stability.",Heart conditions,60,assets/images/poses/pose_193.png,yt_id_193,https://www.youtube.com/results?search_query=Yoga+Restorative+Wheel+Pose+Tutorial
pose_194,Restorative Crow Pose,Restorative Bakasana,Arm Balance,Advanced,"Wrists, Core","Improves flexibility, strengthens wrists, core, and enhances body stability.",Carpal tunnel,60,assets/images/poses/pose_194.png,yt_id_194,https://www.youtube.com/results?search_query=Yoga+Restorative+Crow+Pose+Tutorial
pose_195,Restorative Plank Pose,Restorative Kumbhakasana,Core,Beginner,"Abs, Arms","Improves flexibility, strengthens abs, arms, and enhances body stability.",Wrist pain,30,assets/images/poses/pose_195.png,yt_id_195,https://www.youtube.com/results?search_query=Yoga+Restorative+Plank+Pose+Tutorial
pose_196,Restorative Four-Limbed Staff Pose,Restorative Chaturanga Dandasana,Arm Balance,Intermediate,"Triceps, Core","Improves flexibility, strengthens triceps, core, and enhances body stability.",Shoulder injury,45,assets/images/poses/pose_196.png,yt_id_196,https://www.youtube.com/results?search_query=Yoga+Restorative+Four-Limbed+Staff+Pose+Tutorial
pose_197,Restorative Camel Pose,Restorative Ustrasana,Backbend,Intermediate,"Quads, Chest","Improves flexibility, strengthens quads, chest, and enhances body stability.",High blood pressure,45,assets/images/poses/pose_197.png,yt_id_197,https://www.youtube.com/results?search_query=Yoga+Restorative+Camel+Pose+Tutorial
pose_198,Restorative Pigeon Pose,Restorative Eka Pada Rajakapotasana,Seated,Intermediate,"Hip Flexors, Glutes","Improves flexibility, strengthens hip flexors, glutes, and enhances body stability.",Knee tightness,45,assets/images/poses/pose_198.png,yt_id_198,https://www.youtube.com/results?search_query=Yoga+Restorative+Pigeon+Pose+Tutorial
pose_199,Restorative Seated Forward Bend,Restorative Paschimottanasana,Seated,Beginner,"Hamstrings, Spine","Improves flexibility, strengthens hamstrings, spine, and enhances body stability.",Asthma,30,assets/images/poses/pose_199.png,yt_id_199,https://www.youtube.com/results?search_query=Yoga+Restorative+Seated+Forward+Bend+Tutorial
pose_200,Restorative Corpse Pose,Restorative Savasana,Restorative,Beginner,Full Body,"Improves flexibility, strengthens full body, and enhances body stability.",None,30,assets/images/poses/pose_200.png,yt_id_200,https://www.youtube.com/results?search_query=Yoga+Restorative+Corpse+Pose+Tutorial
